{"cameraMode":{"drawMode":0,"name":"Shaded","section":"Shading Mode"},"sceneLighting":false,"audioPlay":false,"sceneViewState":{"showFog":true,"showMaterialUpdate":false,"showSkybox":false,"showFlares":true,"showImageEffects":true,"showParticleSystems":true},"in2DMode":false,"pivot":{"x":5.960464477539063e-8,"y":0.0,"z":-15.789999961853028},"rotation":{"x":0.028244398534297944,"y":-0.13546960055828095,"z":-0.0038122429978102447,"w":-0.9904060363769531},"size":6.26493501663208,"orthographic":true}