{"cameraMode":{"drawMode":0,"name":"Shaded","section":"Shading Mode"},"sceneLighting":false,"audioPlay":false,"sceneViewState":{"showFog":true,"showMaterialUpdate":false,"showSkybox":false,"showFlares":true,"showImageEffects":true,"showParticleSystems":true},"in2DMode":false,"pivot":{"x":-9.015288352966309,"y":0.0,"z":0.21430611610412599},"rotation":{"x":0.1663575917482376,"y":0.41504064202308657,"z":-0.07738546282052994,"w":0.8912548422813416},"size":48.319969177246097,"orthographic":true}