{"cameraMode":{"drawMode":0,"name":"Shaded","section":"Shading Mode"},"sceneLighting":true,"audioPlay":false,"sceneViewState":{"showFog":true,"showMaterialUpdate":false,"showSkybox":true,"showFlares":true,"showImageEffects":true,"showParticleSystems":true},"in2DMode":false,"pivot":{"x":0.13121265172958375,"y":0.75,"z":-0.2274598777294159},"rotation":{"x":-0.5738345980644226,"y":-0.30459633469581606,"z":0.24353139102458955,"w":-0.7204225659370422},"size":18.171602249145509,"orthographic":true}